{"cameraMode":{"drawMode":0,"name":"Shaded","section":"Shading Mode"},"sceneLighting":true,"audioPlay":false,"sceneViewState":{"m_AlwaysRefresh":false,"showFog":true,"showSkybox":true,"showFlares":true,"showImageEffects":true,"showParticleSystems":true,"showVisualEffectGraphs":true,"m_FxEnabled":true},"in2DMode":false,"pivot":{"x":0.06571799516677857,"y":249.40060424804688,"z":-0.3037540316581726},"rotation":{"x":0.703839898109436,"y":0.010654076933860779,"z":-0.010558643378317356,"w":0.710202693939209},"size":44.11674880981445,"orthographic":true}