{"cameraMode":{"drawMode":0,"name":"Shaded","section":"Shading Mode"},"sceneLighting":true,"audioPlay":false,"sceneViewState":{"m_AlwaysRefresh":false,"showFog":true,"showSkybox":true,"showFlares":true,"showImageEffects":true,"showParticleSystems":true,"showVisualEffectGraphs":true,"m_FxEnabled":true},"in2DMode":false,"pivot":{"x":-0.1929135024547577,"y":17.08662986755371,"z":-8.383420944213868},"rotation":{"x":-0.4389132857322693,"y":-0.020733173936605455,"z":0.010166103020310402,"w":-0.8982791900634766},"size":53.11318588256836,"orthographic":true}